metric,target_score,selection_score
min,0.1422652116219853,0.1422652116219853
mean,0.19712848382607606,0.19712848382607606
median,0.19856759237391775,0.19856759237391775
max,0.2458402369113072,0.2458402369113072
