metric,target_score,selection_score
min,0.6005602575373779,-4.394897020529691
mean,0.6099925938829663,-4.385225664021086
median,0.6076465916436636,-4.387653182800269
max,0.6443516525528517,-4.349700280735723
