metric,target_score,selection_score
min,0.6042545945394437,-4.390478785971252
mean,0.6143562701003246,-4.38087865803078
median,0.612152020967726,-4.383249123059984
max,0.6450793294945086,-4.349954888339964
