metric,target_score,selection_score
min,0.2617445066578795,-4.732948594760811
mean,0.272832475342081,-4.722803663573934
median,0.27074580318553815,-4.725650261572763
max,0.297622407106994,-4.696928281067392
