metric,target_score
min,0.3435978576978947
mean,0.38283191435178004
median,0.37243289495723936
max,0.4647073472045978
