metric,target_score,selection_score
min,0.2525609872093715,0.2525609872093715
mean,0.2612948893289545,0.2612948893289545
median,0.2580711201775622,0.2580711201775622
max,0.2856250160489484,0.2856250160489484
