metric,target_score,selection_score
min,0.6000794809568633,0.6000794809568633
mean,0.6095649982733642,0.6095649982733642
median,0.6070365560260094,0.6070365560260094
max,0.6443516525528517,0.6443516525528517
