metric,target_score
min,0.3051307812855737
mean,0.3495591034192904
median,0.3379801657832182
max,0.4920843020720907
