metric,target_score,selection_score
min,0.135730560223159,0.135730560223159
mean,0.14532037461897981,0.14532037461897981
median,0.14088238734867325,0.14088238734867325
max,0.2199284293941962,0.2199284293941962
