metric,target_score,selection_score
min,0.2272524429344502,0.1972644241386023
mean,0.28135190960969153,0.2513791440149707
median,0.27948902191757063,0.24951779393642043
max,0.3249375912956388,0.2949716690591962
