metric,target_score,selection_score
min,0.0861150167547327,0.0861150167547327
mean,0.101537981154986,0.101537981154986
median,0.100378990411887,0.100378990411887
max,0.1155733790968047,0.1155733790968047
