metric,target_score,selection_score
min,0.2617445066578795,-1.7359855100504946
mean,0.27302678254831386,-1.7252426633478348
median,0.27164103080510693,-1.7267733664345781
max,0.297622407106994,-1.70047918495691
