metric,target_score,selection_score
min,0.6047985637620964,0.5748212011591473
mean,0.6143871599762973,0.5844152501925167
median,0.612152020967726,0.582179614863519
max,0.6450793294945086,0.615109125036868
