metric,target_score
min,0.2724657741859542
mean,0.2812482138680159
median,0.27983433922700535
max,0.3029032939008984
