metric,target_score
min,0.1511370100970256
mean,0.2443193227035048
median,0.2717697424991616
max,0.3076513136868861
