metric,target_score,selection_score
min,0.5957890677793981,-1.4013349250686034
mean,0.6039155633218384,-1.39418647935318
median,0.6028032556415996,-1.3951706497799417
max,0.6266772435692393,-1.371649773261205
