metric,target_score,selection_score
min,0.5962563668440573,0.5962563668440573
mean,0.6039351387363392,0.6039351387363392
median,0.6028032556415996,0.6028032556415996
max,0.6266772435692393,0.6266772435692393
