metric,target_score,selection_score
min,0.6000794809568633,0.5701070115227211
mean,0.6095649982733642,0.5795921690879379
median,0.6070365560260094,0.5770644069668329
max,0.6443516525528517,0.6143873433671083
