metric,target_score,selection_score
min,0.1031395050034454,0.1031395050034454
mean,0.10760894681178357,0.10760894681178357
median,0.10649129953560635,0.10649129953560635
max,0.125518386861323,0.125518386861323
