metric,target_score,selection_score
min,0.1307754811860369,0.1307754811860369
mean,0.13716004494735468,0.13716004494735468
median,0.1360408234670105,0.1360408234670105
max,0.1590282674398068,0.1590282674398068
