metric,target_score,selection_score
min,0.5583009627480933,0.5583009627480933
mean,0.5670894527634368,0.5670894527634368
median,0.5647962203266967,0.5647962203266967
max,0.5929523643470732,0.5929523643470732
