metric,target_score
min,0.4102051602334506
mean,0.42551281473164887
median,0.42324141010367705
max,0.4626386096274411
