metric,target_score,selection_score
min,0.2599440310133746,0.2599440310133746
mean,0.273380499356364,0.273380499356364
median,0.2683814670858101,0.2683814670858101
max,0.3051548695034918,0.3051548695034918
