metric,target_score
min,0.2892362973349704
mean,0.360793339606546
median,0.36079625784848546
max,0.4325410775306459
