metric,target_score,selection_score
min,0.5962563668440573,0.5662896529834263
mean,0.6039351387363393,0.573962394040497
median,0.6028032556415996,0.5728407178313932
max,0.6266772435692393,0.5967023396578871
