metric,target_score
min,0.3072663063177029
mean,0.3590791222042328
median,0.34956739031306433
max,0.4564878656103316
