metric,target_score,selection_score
min,0.522195551778543,0.522195551778543
mean,0.5337588213971791,0.5337588213971791
median,0.5311499585012904,0.5311499585012904
max,0.5660607576384127,0.5660607576384127
