metric,target_score,selection_score
min,0.2621991001345381,0.2621991001345381
mean,0.272894105110176,0.272894105110176
median,0.27164103080510693,0.27164103080510693
max,0.297622407106994,0.297622407106994
