metric,target_score
min,0.1558098788882664
mean,0.23404104402368212
median,0.25415571715415036
max,0.2867224244623979
