metric,target_score
min,0.4212034837105249
mean,0.43632080900587916
median,0.4309754394062818
max,0.4874751996586524
