metric,target_score,selection_score
min,0.5337824077246413,0.5337824077246413
mean,0.541085843254694,0.541085843254694
median,0.5385035310259552,0.5385035310259552
max,0.5636266617555489,0.5636266617555489
