metric,target_score,selection_score
min,0.1031395050034454,0.0731597600773504
mean,0.10760894681178357,0.07763527056984924
median,0.10649129953560635,0.076514171625946
max,0.125518386861323,0.0955403704699265
