metric,target_score
min,0.3756147008446258
mean,0.3852173703583239
median,0.38352756881272815
max,0.4084841709382488
