metric,target_score
min,0.3701674943241174
mean,0.4028897510791974
median,0.3998841745089312
max,0.4711585963498602
