metric,target_score
min,0.2878699560847734
mean,0.3401281703128997
median,0.335304544574607
max,0.4091780508112346
