metric,target_score,selection_score
min,0.2272524429344502,0.2272524429344502
mean,0.28135190960969153,0.28135190960969153
median,0.27948902191757063,0.27948902191757063
max,0.3249375912956388,0.3249375912956388
