metric,target_score,selection_score
min,0.2621991001345381,0.2322183028139338
mean,0.272894105110176,0.24291929313898838
median,0.27164103080510693,0.24166481559156974
max,0.297622407106994,0.2676508838965877
