metric,target_score,selection_score
min,0.5951286047680119,-4.398809364439752
mean,0.6038416276985344,-4.391340075868971
median,0.6028032556415996,-4.3929273176208286
max,0.6266772435692393,-4.369140417716161
