metric,target_score,selection_score
min,0.2272524429344502,-4.770750563046995
mean,0.28265377603244113,-4.712780985014922
median,0.28137491298698614,-4.714329510869508
max,0.3249375912956388,-4.669382801313004
