metric,target_score,selection_score
min,0.0998438902965169,0.0998438902965169
mean,0.10589311688593189,0.10589311688593189
median,0.1031884217317721,0.1031884217317721
max,0.130846440960165,0.130846440960165
