metric,target_score,selection_score
min,0.2499300984666584,-4.745551392622208
mean,0.26568900324511907,-4.729783618672606
median,0.26245082578731205,-4.732681428396836
max,0.295738505892396,-4.699324322171568
