metric,target_score,selection_score
min,0.2188989251971964,0.2188989251971964
mean,0.26062164808871097,0.26062164808871097
median,0.2580711201775622,0.2580711201775622
max,0.2856250160489484,0.2856250160489484
