metric,target_score,selection_score
min,0.2431995816505796,0.2431995816505796
mean,0.25189184781009083,0.25189184781009083
median,0.250289187717901,0.250289187717901
max,0.2743905020838259,0.2743905020838259
