metric,target_score,selection_score
min,0.0861150167547327,0.0561427112333638
mean,0.10153798115498597,0.0715585695678669
median,0.100378990411887,0.07039717888099895
max,0.1155733790968047,0.0856015913907872
