metric,target_score,selection_score
min,0.0998438902965169,0.069865331875382
mean,0.10589311688593189,0.0759231451844291
median,0.1031884217317721,0.07321553227114885
max,0.130846440960165,0.1008727347296438
