metric,target_score,selection_score
min,0.2319988987380611,0.2319988987380611
mean,0.2425669354253852,0.2425669354253852
median,0.2397806362019807,0.2397806362019807
max,0.2774265634807126,0.2774265634807126
