metric,target_score,selection_score
min,0.2599440310133746,0.2299690414203456
mean,0.273380499356364,0.24340657590416548
median,0.2683814670858101,0.23840454127314847
max,0.3051548695034918,0.2751766612596449
