metric,target_score,selection_score
min,0.1736064150070284,0.1736064150070284
mean,0.19828790221037046,0.19828790221037046
median,0.19856759237391775,0.19856759237391775
max,0.2458402369113072,0.2458402369113072
