metric,target_score,selection_score
min,0.6047985637620964,0.6047985637620964
mean,0.6143871599762973,0.6143871599762973
median,0.612152020967726,0.612152020967726
max,0.6450793294945086,0.6450793294945086
